loginId,loginPassword
testuser1,password123
testuser2,password123
testuser3,password123
testuser4,password123
testuser5,password123
testuser6,password123
testuser7,password123
testuser8,password123
testuser9,password123
testuser10,password123
testuser11,password123
testuser12,password123
testuser13,password123
testuser14,password123
testuser15,password123
testuser16,password123
testuser17,password123
testuser18,password123
testuser19,password123
testuser20,password123
testuser21,password123
testuser22,password123
testuser23,password123
testuser24,password123
testuser25,password123
testuser26,password123
testuser27,password123
testuser28,password123
testuser29,password123
testuser30,password123
testuser31,password123
testuser32,password123
testuser33,password123
testuser34,password123
testuser35,password123
testuser36,password123
testuser37,password123
testuser38,password123
testuser39,password123
testuser40,password123
